{
  "トヨタ自動車": 60.86956521739131,
  "ソニーグループ": 32.298136645962735,
  "ソフトバンクグループ": 28.36438923395445,
  "日本電信電話": 93.37474120082815,
  "三菱UFJFG": 60.86956521739131,
  "キーエンス": 72.04968944099379,
  "リクルートHD": 25.87991718426501,
  "信越化学工業": 51.75983436853002,
  "東京エレクトロン": 44.3064182194617,
  "任天堂": 40.78674948240166,
  "伊藤忠商事": 70.60041407867494,
  "ホンダ": 65.0103519668737,
  "三井住友FG": 52.17391304347826,
  "デンソー": 66.66666666666666,
  "武田薬品工業": 92.96066252587993,
  "ファナック": 68.53002070393374,
  "日立製作所": 59.62732919254658,
  "みずほFG": 52.17391304347826,
  "ダイキン工業": 54.45134575569358,
  "第一三共": 52.17391304347826
}